//// Exercise 10

mysql> SELECT * FROM Entry WHERE birthday<'1982-02-11 23:59:59';

......
| 3987 |            98 | Ingrid      | Parks       | 1966-06-16 01:29:18 | other | address | P.O. Box 374, 5003 Malesuada Avenue                      | Brive-la-Gaillarde               | LI                             | Sierra Leone                                 | 11711           |
| 3988 |            63 | Vance       | Burgess     | 1970-06-22 23:36:42 | other | address | Ap #434-8365 Montes, Road                                | Porirua                          | North Island                   | Viet Nam                                     | T5M 2J0         |
| 3989 |            22 | Tad         | Wiggins     | 1950-03-14 07:05:47 | other | address | P.O. Box 265, 1889 Rutrum Street                         | Huelva                           | AN                             | Iran                                         | SO60 0RJ        |
| 3991 |            26 | Hashim      | Ray         | 1959-07-31 17:41:48 | home  | address | Ap #345-6224 Volutpat. Rd.                               | Placanica                        | Calabria                       | Bahrain                                      | 3503            |
| 3992 |            20 | Destiny     | Schneider   | 1981-09-12 09:19:06 | home  | address | Ap #868-7136 Volutpat Avenue                             | Istanbul                         | Istanbul                       | Saint BarthÃ©lemy                             | 2902PZ          |
| 3993 |            57 | Elliott     | Dillon      | 1957-05-11 11:11:54 | home  | address | P.O. Box 897, 1747 Vel St.                               | Mendonk                          | OV                             | Ecuador                                      | 64-720          |
| 3995 |            39 | Matthew     | Rivera      | 1976-02-17 22:26:27 | home  | address | 9028 Id, Avenue                                          | Istanbul                         | Istanbul                       | Korea, South                                 | 29035           |
| 3997 |            34 | Paul        | Camacho     | 1947-01-04 18:32:07 | home  | address | Ap #415-479 Montes, Road                                 | Lakeshore                        | Ontario                        | Syria                                        | 47791           |
| 3998 |            77 | Mia         | Payne       | 1981-04-21 09:19:57 | home  | address | 2698 Morbi St.                                           | Bracknell                        | Berkshire                      | Montenegro                                   | 4598            |
| 3999 |             9 | Scarlett    | Santiago    | 1969-06-13 04:22:13 | home  | address | 320-5290 Aliquam Road                                    | Canino                           | LAZ                            | Nigeria                                      | C6R 9B5         |
| 4000 |            99 | Benedict    | Wilson      | 1960-08-18 07:08:16 | home  | address | 7949 Vel Road                                            | Qualicum Beach                   | British Columbia               | Portugal                                     | 22456           |
+------+---------------+-------------+-------------+---------------------+-------+---------+----------------------------------------------------------+----------------------------------+--------------------------------+----------------------------------------------+-----------------+
2687 rows in set (0.00 sec)

mysql> SELECT COUNT(*) FROM Entry WHERE birthday<'1982-02-11 23:59:59';

+----------+
| COUNT(*) |
+----------+
|     2687 |
+----------+
1 row in set (0.00 sec)

mysql> 

// Answer: 2,687 entries are listed as born before February 12th of 1982.

mysql> SELECT COUNT(*) FROM Entry WHERE birthday>='1965-01-01 00:00:00';                                                                               
+----------+
| COUNT(*) |
+----------+
|     2597 |
+----------+
1 row in set (0.01 sec)

mysql> 

// Answer: 2,597 entries are listed as born on or after January 1st of 1965.

mysql> SELECT * FROM Entry ORDER BY birthday ASC LIMIT 1;
+------+---------------+-----------+----------+---------------------+-------+---------+----------------+----------------+------------------+-----------------+-----------------+
| id   | addressBookId | firstName | lastName | birthday            | type  | subtype | contentLineOne | contentLineTwo | contentLineThree | contentLineFour | contentLineFive |
+------+---------------+-----------+----------+---------------------+-------+---------+----------------+----------------+------------------+-----------------+-----------------+
| 2260 |            93 | Abigail   | Rollins  | 1945-09-02 09:21:58 | other | address | 194 Non Road   | Berlin         | Berlin           | Bolivia         | 791155          |
+------+---------------+-----------+----------+---------------------+-------+---------+----------------+----------------+------------------+-----------------+-----------------+
1 row in set (0.00 sec)

mysql> 

// Answer: Abigail Rollins is listed as being the oldest of age.

