//// Exercise 3

mysql> SELECT * FROM Account WHERE password="LUW56VCP8JK";
+----+-------------------------+-------------+---------------------+---------------------+
| id | email                   | password    | createdOn           | modifiedOn          |
+----+-------------------------+-------------+---------------------+---------------------+
|  1 | hola.quetal@spanish.org | LUW56VCP8JK | 2013-04-10 13:34:19 | 0000-00-00 00:00:00 |
+----+-------------------------+-------------+---------------------+---------------------+
1 row in set (0.00 sec)

mysql> 

mysql> SELECT * FROM AddressBook WHERE accountId=875;                                                                                     
+----+-----------+---------------------------+---------------------+---------------------+
| id | accountId | name                      | createdOn           | modifiedOn          |
+----+-----------+---------------------------+---------------------+---------------------+
|  1 |       875 | Sed Libernos A Malo Corp. | 2014-05-02 20:50:03 | 2013-02-11 09:47:10 |
+----+-----------+---------------------------+---------------------+---------------------+
1 row in set (0.00 sec)

mysql> 

mysql> SELECT * FROM Entry WHERE addressBookId=525 OR addressBookId=978 OR addressBookId=434;                                                                  
+----+---------------+-----------+----------+---------------------+------+---------+----------------+----------------+------------------+-----------------+-----------------+
| id | addressBookId | firstName | lastName | birthday            | type | subtype | contentLineOne | contentLineTwo | contentLineThree | contentLineFour | contentLineFive |
+----+---------------+-----------+----------+---------------------+------+---------+----------------+----------------+------------------+-----------------+-----------------+
|  1 |           525 | Melchior  | Adenauer | 1974-02-16 14:58:42 | home | phone   | (514) 661-8281 | NULL           | NULL             | NULL            | NULL            |
|  2 |           978 | Kane      | Brownie  | 1963-08-08 21:22:29 | home | phone   | (514) 361-3319 | NULL           | NULL             | NULL            | NULL            |
|  3 |           434 | Elie      | Jarod    | 1956-09-22 13:54:47 | home | phone   | (514) 505-0435 | NULL           | NULL             | NULL            | NULL            |
+----+---------------+-----------+----------+---------------------+------+---------+----------------+----------------+------------------+-----------------+-----------------+
3 rows in set (0.00 sec)

mysql> 